,Age,Gender,OwnHome,Married,Location,Salary,Children,History,Catalogs,AmountSpent,CustomerID
0,Old,Female,Own,Single,Far,47500,0,High,6,755,68268
1,Middle,Male,Rent,Single,Close,63600,0,High,6,1318,43567
2,Young,Female,Rent,Single,Close,13500,0,Low,18,296,42613
3,Middle,Male,Own,Married,Close,85600,1,High,18,2436,45891
4,Middle,Female,Own,Single,Close,68400,0,High,12,1304,21243
5,Young,Male,Own,Married,Close,30400,0,Low,6,495,95939
6,Middle,Female,Rent,Single,Close,48100,0,Medium,12,782,97639
7,Middle,Male,Own,Single,Close,68400,0,High,18,1155,41993
8,Middle,Female,Own,Married,Close,51900,3,Low,6,158,86293
9,Old,Male,Own,Married,Far,80700,0,,18,3034,55026
10,Young,Male,Rent,Married,Close,43700,1,,12,927,80471
11,Middle,Male,Own,Married,Far,111800,3,High,18,2065,80966
12,Middle,Female,Own,Married,Close,44100,1,Medium,24,704,48600
13,Middle,Male,Own,Married,Close,111400,0,High,12,2136,39512
14,Old,Female,Own,Married,Far,110000,0,High,24,5564,52620
15,Middle,Female,Own,Married,Far,83100,1,,12,2766,80186
16,Old,Female,Own,Married,Close,82800,0,High,24,3010,17089
17,Middle,Male,Own,Married,Close,90100,0,High,18,1956,32230
18,Middle,Male,Rent,Single,Close,38600,1,Low,18,542,18983
19,Old,Female,Rent,Single,Far,14000,0,Low,12,410,89688
20,Young,Female,Rent,Single,Far,14300,2,Low,6,194,82457
21,Young,Male,Rent,Married,Close,49800,0,Medium,12,827,93005
22,Old,Female,Rent,Married,Far,60200,0,High,18,2328,6921
23,Young,Male,Rent,Married,Far,43500,1,Medium,12,808,38804
24,Young,Female,Rent,Married,Close,41700,1,,6,521,67699
25,Middle,Female,Own,Married,Close,92300,3,Low,18,655,70608
26,Middle,Male,Own,Single,Close,62800,3,,6,707,37619
27,Middle,Female,Rent,Married,Far,72900,0,High,18,2075,7877
28,Middle,Female,Rent,Married,Close,66900,2,Medium,12,769,83966
29,Young,Male,Rent,Single,Close,21700,1,,18,774,1871
30,Old,Female,Rent,Married,Close,39700,0,Medium,12,573,73135
31,Middle,Male,Rent,Married,Far,72200,1,High,12,2082,2496
32,Middle,Female,Rent,Married,Close,87700,3,,24,2446,47954
33,Middle,Male,Own,Married,Close,104100,0,High,24,2636,24675
34,Middle,Male,Rent,Single,Far,67700,0,High,12,2226,31921
35,Middle,Female,Own,Single,Close,27000,2,Low,6,183,99059
36,Middle,Female,Own,Single,Far,64100,2,High,24,1595,797
37,Middle,Male,Rent,Single,Close,47000,1,Medium,12,584,49811
38,Old,Female,Own,Married,Close,41600,0,,18,982,68755
39,Old,Female,Rent,Single,Close,20100,0,Low,24,576,80782
40,Middle,Male,Own,Single,Close,64000,3,Low,12,410,90535
41,Middle,Female,Own,Married,Far,96800,3,,24,3082,81857
42,Middle,Male,Rent,Married,Close,76200,1,,24,2437,52489
43,Old,Female,Rent,Married,Far,81500,0,High,18,3655,84665
44,Middle,Female,Own,Single,Close,49600,1,Medium,12,844,41504
45,Old,Female,Own,Married,Close,111500,0,High,18,2510,49866
46,Middle,Male,Own,Married,Close,77700,0,,6,983,84212
47,Young,Male,Own,Married,Close,58900,0,,18,1215,96766
48,Middle,Male,Own,Married,Close,126500,2,High,18,2000,11723
49,Middle,Female,Own,Married,Close,83300,1,High,24,2574,43890
50,Middle,Female,Own,Married,Close,90500,1,High,6,1116,17591
51,Middle,Female,Own,Married,Far,87200,0,High,18,3604,58146
52,Middle,Female,Own,Married,Close,105300,1,,24,3360,92288
53,Middle,Female,Own,Single,Far,56000,3,Medium,6,530,59300
54,Middle,Female,Rent,Single,Close,46600,0,Medium,24,906,89141
55,Old,Male,Rent,Married,Close,69800,0,High,24,2764,71557
56,Middle,Male,Own,Single,Close,60300,0,High,24,1263,20006
57,Young,Male,Rent,Married,Close,67800,0,High,12,1084,3560
58,Middle,Male,Rent,Single,Close,42300,0,Medium,24,1051,90868
59,Young,Female,Own,Married,Far,33700,0,,6,614,61713
60,Middle,Male,Own,Single,Close,62700,2,Medium,12,704,96591
61,Young,Female,Own,Single,Close,25900,2,,12,449,45444
62,Young,Female,Own,Single,Close,15600,1,Low,6,136,46522
63,Old,Female,Own,Single,Close,14600,0,Low,24,468,86904
64,Old,Female,Own,Married,Close,62600,0,High,6,565,20737
65,Young,Male,Rent,Married,Close,66700,0,,18,1310,28647
66,Middle,Male,Own,Married,Far,72500,0,,24,2595,61353
67,Young,Female,Rent,Single,Far,13200,0,,24,358,92217
68,Middle,Female,Own,Single,Close,51300,0,Medium,24,1424,80163
69,Middle,Male,Own,Single,Far,72300,0,High,24,4182,12134
70,Young,Female,Rent,Single,Close,15600,0,,12,468,60535
71,Middle,Female,Own,Married,Far,90400,1,High,18,2924,47883
72,Middle,Male,Own,Single,Far,71500,0,,6,964,86107
73,Young,Male,Rent,Single,Close,14400,0,,24,615,63360
74,Young,Male,Rent,Single,Close,15000,3,Low,6,38,51811
75,Middle,Male,Own,Single,Close,57600,1,,6,1006,9781
76,Young,Female,Rent,Married,Close,60600,3,Low,12,307,19340
77,Middle,Male,Own,Married,Far,84300,2,High,18,1648,27257
78,Young,Female,Own,Single,Close,24400,1,Low,6,220,16298
79,Young,Female,Rent,Single,Close,22100,2,Low,18,280,12372
80,Middle,Male,Rent,Married,Far,48800,2,,12,1647,4420
81,Middle,Female,Own,Married,Close,74700,1,Medium,6,704,82991
82,Young,Female,Rent,Single,Far,32400,1,Medium,24,920,62079
83,Old,Female,Own,Single,Close,11400,0,,6,258,79860
84,Middle,Male,Own,Married,Close,127000,0,,12,1821,7012
85,Middle,Male,Rent,Single,Close,47200,0,Medium,18,1587,9396
86,Middle,Female,Own,Single,Close,48700,2,Low,12,528,3918
87,Young,Male,Rent,Single,Far,20400,0,Medium,18,867,9359
88,Middle,Male,Rent,Single,Close,39000,0,,6,643,44259
89,Young,Female,Rent,Single,Close,12900,1,Low,6,107,23482
90,Middle,Female,Rent,Married,Far,67300,1,High,18,1513,15127
91,Old,Male,Own,Married,Close,134500,0,High,24,4558,37237
92,Old,Male,Own,Married,Close,75500,0,High,6,741,79701
93,Old,Female,Own,Married,Far,33600,2,Medium,12,805,8752
94,Young,Female,Rent,Single,Close,16300,1,,12,470,80041
95,Young,Male,Rent,Married,Close,27400,1,Low,6,278,71331
96,Middle,Female,Own,Married,Close,110400,3,Low,24,1093,50624
97,Young,Female,Rent,Single,Far,21100,1,Low,6,470,89183
98,Middle,Male,Own,Married,Close,81200,0,High,24,1856,40133
99,Middle,Male,Rent,Married,Far,87100,2,High,18,1688,93790
100,Young,Female,Rent,Single,Far,21700,3,,24,708,55153
101,Middle,Female,Rent,Single,Close,42200,0,,18,1753,62756
102,Middle,Male,Rent,Single,Far,59000,0,High,24,3044,90928
103,Middle,Female,Own,Single,Close,52700,2,Low,18,855,81757
104,Young,Male,Own,Single,Close,20900,0,Low,24,550,84355
105,Middle,Male,Own,Married,Far,90700,3,High,24,2265,99938
106,Old,Female,Own,Married,Far,91800,0,,24,2452,48682
107,Young,Female,Own,Single,Far,27900,0,Medium,18,1184,66509
108,Old,Female,Own,Married,Close,70700,0,High,24,2150,86384
109,Middle,Male,Own,Married,Close,79600,2,,6,1575,75751
110,Middle,Male,Rent,Married,Close,96400,1,High,24,1822,76693
111,Middle,Female,Own,Single,Close,46600,2,,18,1153,24777
112,Old,Male,Own,Married,Close,106600,0,High,12,1877,13824
113,Middle,Female,Rent,Married,Close,104900,3,Low,6,450,2418
114,Old,Male,Rent,Single,Close,56300,0,Medium,6,873,12843
115,Young,Female,Rent,Single,Close,14800,1,Low,6,209,78778
116,Old,Male,Own,Married,Close,58300,0,Medium,24,1472,36223
117,Middle,Male,Own,Single,Far,70200,0,High,12,1702,61570
118,Old,Male,Own,Married,Far,59700,0,High,18,1857,6521
119,Young,Male,Rent,Single,Close,25800,0,,6,451,88162
120,Young,Female,Rent,Single,Close,12000,0,Low,24,344,56894
121,Middle,Male,Rent,Single,Far,51900,0,High,18,1492,74659
122,Middle,Female,Own,Single,Far,66800,3,,24,2098,96990
123,Middle,Male,Own,Married,Close,105300,1,,18,3505,14254
124,Young,Female,Rent,Single,Far,13800,3,Low,6,127,51939
125,Young,Male,Rent,Single,Close,14800,3,,12,436,89236
126,Middle,Female,Own,Married,Far,44200,0,High,24,2524,37073
127,Young,Male,Rent,Single,Close,10400,0,,18,189,23310
128,Middle,Female,Own,Single,Close,35200,0,Medium,12,607,31785
129,Young,Female,Rent,Single,Far,16100,0,,6,202,64570
130,Middle,Male,Own,Married,Close,113000,2,Medium,18,1554,80577
131,Middle,Male,Own,Married,Close,63300,2,,6,633,56356
132,Young,Male,Rent,Single,Close,19100,0,,6,176,23306
133,Middle,Female,Own,Married,Close,93400,2,,24,3079,36950
134,Old,Female,Rent,Married,Far,52500,0,High,24,2038,78696
135,Middle,Female,Rent,Married,Far,45400,3,Medium,24,1203,92171
136,Young,Female,Own,Single,Far,21400,3,,6,326,98611
137,Middle,Female,Own,Single,Close,53700,3,Low,12,235,78928
138,Young,Female,Own,Married,Far,68000,0,High,24,3688,79904
139,Young,Male,Rent,Single,Close,17400,0,,12,332,70838
140,Young,Female,Rent,Single,Close,14600,1,Low,6,143,33920
141,Old,Female,Own,Married,Far,100100,0,High,12,3104,88870
142,Middle,Male,Own,Married,Far,103700,1,High,24,2339,92648
143,Young,Female,Rent,Single,Far,10800,3,Low,6,123,79128
144,Middle,Female,Own,Married,Close,81700,3,Low,24,879,90749
145,Old,Female,Rent,Single,Close,21400,0,Low,18,498,33538
146,Old,Female,Own,Married,Close,114800,0,High,18,3596,81411
147,Old,Female,Own,Married,Far,67900,0,High,24,2925,8286
148,Middle,Male,Own,Married,Close,53700,1,,12,1081,18728
149,Young,Female,Rent,Single,Far,11400,3,,12,312,13640
150,Young,Male,Rent,Married,Close,34300,3,,12,1297,68627
151,Young,Female,Rent,Single,Close,16400,1,Low,12,218,45663
152,Middle,Female,Own,Married,Far,109800,0,High,18,4279,3912
153,Middle,Male,Own,Single,Close,64200,0,High,18,1642,50586
154,Young,Male,Rent,Single,Close,17000,0,,18,581,72130
155,Middle,Female,Rent,Single,Close,41400,3,Low,6,223,21752
156,Middle,Female,Own,Single,Close,49100,2,Low,6,474,59715
157,Old,Female,Own,Single,Far,42600,0,High,24,1790,89068
158,Young,Female,Rent,Single,Close,11900,1,Low,6,143,7997
159,Middle,Male,Own,Married,Far,113600,2,High,18,3237,53006
160,Middle,Male,Own,Single,Close,52900,1,,24,2316,40800
161,Young,Female,Rent,Single,Close,14300,1,,18,458,15620
162,Young,Male,Rent,Single,Close,21000,0,Low,24,646,70381
163,Middle,Male,Own,Single,Far,59600,2,Medium,18,1217,92299
164,Middle,Female,Rent,Single,Close,39700,3,Low,12,238,54268
165,Old,Male,Own,Married,Close,51200,0,Medium,12,1293,69069
166,Middle,Female,Own,Married,Close,88200,0,,24,2749,68473
167,Middle,Male,Own,Married,Far,122100,0,High,12,2408,91757
168,Old,Female,Rent,Married,Close,84800,0,High,18,2624,42512
169,Middle,Male,Own,Married,Far,140000,0,High,12,4894,19608
170,Old,Female,Own,Single,Close,28500,0,Low,24,621,70557
171,Middle,Male,Rent,Single,Close,60300,0,High,6,701,92309
172,Young,Female,Rent,Married,Far,51900,0,,6,780,99438
173,Middle,Male,Own,Single,Close,60200,0,Medium,12,1365,17340
174,Middle,Male,Own,Married,Far,81200,0,High,12,2693,1913
175,Old,Male,Own,Married,Close,73100,0,High,6,1582,52086
176,Old,Male,Own,Single,Close,45700,0,Medium,18,724,13429
177,Old,Female,Rent,Single,Close,28900,0,Low,12,830,13907
178,Young,Female,Rent,Married,Close,60100,0,,18,1594,35489
179,Middle,Female,Own,Married,Close,84800,1,,12,1826,10088
180,Old,Female,Own,Married,Close,35000,0,Medium,6,473,15588
181,Young,Female,Rent,Married,Close,61700,0,,12,1161,38395
182,Old,Female,Rent,Married,Close,46900,0,Medium,6,703,60155
183,Middle,Female,Own,Married,Close,123600,1,,12,1892,38214
184,Young,Male,Rent,Married,Close,45800,0,Medium,6,489,469
185,Middle,Male,Own,Married,Far,77800,1,High,18,1813,43295
186,Middle,Female,Own,Single,Close,48700,1,,12,1457,74253
187,Middle,Female,Rent,Single,Far,39000,3,Low,6,292,34488
188,Young,Female,Rent,Married,Close,40000,0,,6,613,38040
189,Middle,Female,Rent,Married,Close,118300,1,,18,2681,16975
190,Young,Female,Own,Single,Close,27100,2,Low,24,437,15912
191,Middle,Female,Rent,Married,Close,91000,2,Medium,6,708,28086
192,Middle,Female,Own,Married,Close,35300,0,Medium,24,1093,82127
193,Young,Female,Rent,Single,Far,10200,2,Low,18,213,15115
194,Young,Female,Rent,Single,Close,12500,1,Low,6,202,79983
195,Old,Female,Own,Single,Close,64600,0,,6,1298,52573
196,Middle,Male,Own,Married,Far,113800,0,,12,3273,94201
197,Middle,Male,Own,Married,Far,113400,3,High,18,1790,64223
198,Young,Female,Rent,Single,Close,16900,1,Low,6,247,11052
199,Young,Female,Rent,Single,Close,13600,1,Low,6,183,15741
200,Middle,Male,Own,Married,Far,100100,1,High,24,3491,57368
201,Old,Female,Own,Married,Far,80000,0,High,6,1985,94275
202,Middle,Male,Own,Married,Close,83900,0,High,24,1721,43986
203,Middle,Male,Own,Married,Close,77000,0,High,12,2104,5103
204,Middle,Female,Rent,Married,Close,72900,3,Low,6,252,35050
205,Young,Male,Rent,Married,Close,80700,3,Low,6,202,1740
206,Young,Female,Rent,Married,Close,40900,1,Medium,18,962,55270
207,Young,Female,Rent,Single,Close,26700,1,,12,459,12579
208,Middle,Male,Own,Married,Close,54700,0,Medium,18,848,71382
209,Old,Female,Rent,Married,Close,23600,1,Low,6,161,47805
210,Middle,Male,Rent,Single,Far,56900,0,High,24,1857,20165
211,Middle,Male,Own,Single,Far,68700,1,,24,1699,2775
212,Young,Female,Rent,Single,Close,19300,1,Low,24,308,84523
213,Young,Male,Rent,Married,Far,20200,1,Low,24,500,30752
214,Middle,Female,Rent,Married,Far,61500,3,Medium,24,1162,89099
215,Middle,Female,Own,Married,Far,101700,1,,24,2551,79464
216,Middle,Female,Rent,Married,Far,120800,1,High,24,5830,71892
217,Young,Female,Rent,Single,Far,17300,1,Low,18,381,33930
218,Young,Female,Rent,Married,Close,42300,0,,6,856,46774
219,Middle,Male,Rent,Single,Close,53300,0,Medium,18,1720,28651
220,Middle,Female,Rent,Single,Close,42800,0,Medium,12,759,62885
221,Middle,Male,Own,Married,Close,98400,0,High,18,3305,15997
222,Middle,Female,Own,Single,Close,51200,0,Medium,18,1257,65180
223,Old,Male,Own,Single,Close,62200,0,,12,1583,98927
224,Middle,Male,Own,Married,Close,109200,3,Low,24,1102,97768
225,Young,Female,Rent,Single,Close,11400,2,,6,186,74498
226,Young,Female,Rent,Single,Close,14000,0,Low,12,229,63003
227,Old,Female,Rent,Married,Close,97000,0,,24,2599,85971
228,Young,Female,Own,Single,Far,29600,3,,12,774,34009
229,Old,Male,Own,Married,Close,71200,1,Medium,12,638,43671
230,Old,Female,Rent,Single,Far,15000,0,Low,12,378,69939
231,Middle,Male,Rent,Married,Far,64000,1,,6,1552,17582
232,Old,Male,Own,Married,Far,33000,0,Medium,12,979,29844
233,Old,Female,Own,Married,Close,74400,0,High,18,2479,84917
234,Young,Male,Rent,Single,Far,20300,2,Low,24,450,38429
235,Middle,Male,Rent,Married,Close,68700,0,High,24,2763,81475
236,Young,Male,Rent,Married,Far,53600,3,Medium,24,1560,76323
237,Old,Female,Own,Single,Close,33200,0,Medium,24,1037,82727
238,Young,Female,Own,Married,Far,70900,0,,6,690,60809
239,Young,Female,Rent,Single,Close,23200,3,,24,770,2121
240,Young,Male,Own,Single,Close,41400,0,Medium,18,643,45353
241,Young,Female,Rent,Married,Close,63200,0,High,24,1512,89987
242,Old,Male,Own,Married,Close,107400,0,High,12,1485,3886
243,Young,Male,Rent,Single,Far,13900,0,,24,570,41690
244,Middle,Female,Rent,Married,Close,79900,1,Medium,18,1165,87986
245,Middle,Male,Own,Married,Far,120000,3,High,18,1926,80748
246,Old,Male,Rent,Married,Far,66300,0,,18,2243,75523
247,Middle,Female,Own,Single,Close,54400,3,Low,18,342,82119
248,Middle,Male,Own,Married,Close,84200,0,High,24,1654,99751
249,Young,Female,Rent,Married,Close,13800,0,Low,18,363,5181
250,Young,Female,Rent,Single,Far,14500,1,Low,6,222,43349
251,Young,Male,Rent,Single,Close,21300,0,Low,24,677,76578
252,Old,Male,Rent,Single,Close,29000,0,Low,6,482,42914
253,Old,Female,Rent,Single,Close,14600,1,Low,24,385,70744
254,Old,Male,Own,Single,Close,65300,0,High,18,1443,71713
255,Middle,Female,Own,Married,Close,100800,1,High,24,1789,63720
256,Young,Female,Rent,Single,Far,19800,1,Low,24,991,70399
257,Middle,Male,Own,Single,Close,56700,2,Low,18,536,47394
258,Old,Male,Rent,Married,Close,90200,0,High,18,2183,73925
259,Young,Male,Rent,Single,Close,26100,1,,6,494,894
260,Young,Female,Rent,Single,Close,15900,0,Low,18,503,63413
261,Young,Female,Rent,Single,Close,12700,3,Low,12,87,48208
262,Middle,Male,Rent,Single,Close,43200,0,,24,917,30142
263,Middle,Female,Rent,Married,Close,114100,1,,24,1976,32904
264,Middle,Male,Own,Married,Close,96100,3,Low,12,316,26813
265,Middle,Male,Own,Married,Close,97200,0,,12,1634,39041
266,Middle,Male,Own,Married,Far,82400,2,High,24,2035,59601
267,Old,Male,Own,Single,Far,62000,0,High,24,3293,91504
268,Young,Female,Rent,Single,Close,13400,1,Low,12,143,79224
269,Middle,Male,Own,Married,Close,108200,3,Low,12,635,68955
270,Young,Female,Own,Married,Close,76200,0,High,12,979,82088
271,Middle,Male,Rent,Married,Close,81800,1,High,18,1838,6004
272,Young,Female,Rent,Single,Far,12000,0,Low,6,264,35620
273,Middle,Male,Own,Married,Close,76100,0,,6,719,42521
274,Middle,Male,Own,Married,Close,82100,1,High,18,1308,86339
275,Old,Female,Own,Married,Close,103300,0,High,24,3378,57191
276,Young,Male,Rent,Single,Close,14200,1,,24,400,57852
277,Middle,Female,Own,Single,Far,47500,0,High,6,847,80675
278,Young,Female,Rent,Single,Close,31300,1,Low,6,357,22302
279,Young,Female,Rent,Married,Far,32700,1,,18,1276,87069
280,Middle,Male,Own,Married,Close,72200,0,High,24,2492,83697
281,Middle,Female,Own,Married,Close,107600,2,Medium,12,1512,52513
282,Middle,Male,Own,Married,Close,109900,2,Medium,12,870,54545
283,Middle,Female,Own,Married,Close,65400,2,Medium,24,938,80212
284,Old,Female,Own,Single,Close,43300,0,,12,1584,20989
285,Old,Female,Own,Single,Close,51900,0,Medium,12,1148,2562
286,Middle,Female,Own,Married,Far,80600,0,High,24,2840,22597
287,Middle,Female,Rent,Single,Close,42700,0,Medium,12,827,25484
288,Young,Male,Rent,Single,Far,19000,0,,12,428,78709
289,Young,Female,Rent,Single,Close,14500,1,Low,6,183,92925
290,Middle,Female,Own,Married,Close,68200,1,,6,818,46402
291,Young,Male,Rent,Married,Close,36700,0,Medium,12,731,93807
292,Old,Male,Own,Married,Far,54600,0,High,24,2163,11605
293,Middle,Male,Own,Married,Close,65900,1,Medium,12,1081,98727
294,Young,Male,Own,Single,Far,39600,0,,12,1085,65483
295,Young,Male,Rent,Married,Far,67300,3,,6,1212,93846
296,Middle,Male,Own,Single,Close,59700,1,,18,1422,61073
297,Middle,Female,Own,Married,Far,102800,2,High,18,2238,99271
298,Middle,Female,Rent,Single,Close,34700,0,,18,1615,22571
299,Middle,Male,Own,Single,Close,50600,3,,6,713,54355
300,Middle,Male,Rent,Married,Close,106700,2,Medium,6,607,33201
301,Middle,Male,Rent,Single,Close,53900,1,Medium,6,735,78633
302,Young,Female,Rent,Married,Close,25500,2,Low,6,139,88157
303,Young,Male,Rent,Married,Far,46300,1,Medium,18,1357,83349
304,Old,Male,Own,Married,Close,55500,0,Medium,18,858,44889
305,Young,Female,Own,Single,Close,27800,3,,12,408,84466
306,Middle,Male,Own,Married,Close,118600,1,,12,1553,96736
307,Middle,Female,Own,Married,Close,130700,3,,6,2070,79835
308,Old,Male,Rent,Single,Close,42800,0,Medium,12,922,82249
309,Middle,Female,Own,Married,Far,118300,1,High,12,2502,85532
310,Young,Female,Rent,Single,Far,25600,2,,18,426,16363
311,Middle,Male,Rent,Married,Close,63500,2,,24,2321,24785
312,Old,Female,Own,Single,Close,30900,0,Medium,18,862,55913
313,Middle,Male,Own,Single,Close,55900,1,,24,2555,63418
314,Middle,Male,Own,Single,Far,53900,0,,12,1186,36736
315,Old,Male,Own,Married,Close,84300,0,High,24,2842,90070
316,Old,Male,Own,Single,Close,53400,1,Medium,12,886,97855
317,Middle,Male,Own,Married,Close,96900,1,High,12,1420,66576
318,Middle,Male,Rent,Single,Far,55800,1,,6,821,71786
319,Young,Female,Rent,Married,Close,25900,1,Low,6,242,57508
320,Young,Female,Rent,Single,Close,22000,1,Low,12,472,90718
321,Middle,Female,Rent,Married,Close,96700,2,Medium,12,1231,7704
322,Middle,Female,Rent,Single,Close,40200,1,,12,881,72308
323,Old,Male,Own,Married,Close,26800,0,Low,12,435,42179
324,Young,Female,Rent,Single,Close,16700,2,Low,12,108,25907
325,Young,Female,Rent,Married,Close,40900,2,Low,18,576,45192
326,Young,Male,Rent,Married,Far,41500,3,,24,1314,9144
327,Young,Male,Rent,Single,Close,20900,0,,6,296,27741
328,Young,Female,Rent,Married,Close,69700,2,Medium,6,584,62551
329,Middle,Male,Rent,Single,Close,61800,0,High,24,1156,2195
330,Middle,Male,Own,Married,Close,102500,1,High,24,2464,4680
331,Middle,Female,Own,Married,Close,48900,3,,18,915,55751
332,Middle,Male,Own,Single,Close,60300,0,,24,2091,25687
333,Young,Male,Rent,Married,Far,41600,0,High,24,1690,52237
334,Middle,Male,Own,Single,Close,73700,1,Medium,12,1274,97594
335,Young,Female,Rent,Single,Close,27000,1,,24,1012,38008
336,Middle,Female,Rent,Single,Close,43700,0,Medium,12,950,10100
337,Young,Male,Rent,Single,Close,10200,2,,12,333,60343
338,Middle,Female,Own,Married,Close,63300,2,Medium,24,679,80704
339,Young,Female,Own,Single,Far,33200,2,Medium,12,607,43723
340,Old,Female,Own,Married,Far,78800,0,High,18,3398,99036
341,Middle,Male,Own,Married,Close,82500,0,High,6,859,54180
342,Middle,Male,Own,Single,Far,80800,2,High,18,2444,57625
343,Middle,Male,Own,Married,Close,88100,2,Medium,24,1078,45856
344,Middle,Male,Rent,Married,Far,124800,3,High,18,2537,89514
345,Young,Male,Own,Single,Close,31900,0,Medium,6,616,77582
346,Middle,Female,Own,Single,Close,53300,3,,6,508,20950
347,Old,Male,Own,Married,Far,15400,0,Low,6,297,9500
348,Middle,Male,Own,Married,Close,70200,0,,6,1583,98258
349,Young,Female,Rent,Single,Close,23000,3,Low,6,79,52548
350,Middle,Female,Own,Married,Close,82400,2,Medium,18,657,46614
351,Middle,Female,Own,Married,Close,97900,0,High,24,2149,23418
352,Old,Female,Rent,Married,Far,88400,0,High,18,3632,49747
353,Middle,Female,Own,Married,Close,86900,0,High,18,2230,33415
354,Middle,Female,Own,Single,Close,45100,1,Medium,12,448,12232
355,Middle,Male,Rent,Single,Close,41800,3,Low,24,301,16957
356,Old,Male,Own,Married,Close,74800,0,High,18,1968,57600
357,Middle,Female,Rent,Married,Close,73000,1,Medium,6,490,27784
358,Middle,Male,Own,Married,Close,118500,1,High,24,3063,44239
359,Middle,Male,Own,Single,Close,65300,3,Low,6,193,98229
360,Middle,Female,Rent,Married,Close,66300,2,Medium,12,544,39335
361,Middle,Male,Own,Married,Far,103900,1,High,24,2666,37212
362,Middle,Female,Own,Married,Close,71900,0,High,18,1846,52141
363,Middle,Male,Own,Married,Far,86100,1,,12,1255,62746
364,Middle,Male,Own,Married,Close,96300,1,High,12,1081,33354
365,Young,Female,Rent,Single,Close,10200,3,,6,199,79668
366,Middle,Male,Own,Married,Close,96300,2,,18,3916,54254
367,Old,Female,Own,Single,Far,24000,1,Low,6,357,7601
368,Middle,Female,Rent,Married,Close,46700,0,Medium,24,983,27867
369,Middle,Female,Rent,Single,Close,53700,2,,12,1194,11059
370,Middle,Male,Rent,Married,Close,108300,2,,12,2224,66275
371,Young,Female,Rent,Single,Close,12100,1,Low,6,90,95081
372,Young,Male,Rent,Married,Close,36600,0,,6,587,21266
373,Old,Male,Own,Married,Close,66300,0,High,12,1088,93557
374,Young,Female,Own,Single,Close,33400,1,,6,617,5410
375,Middle,Male,Own,Married,Far,70000,1,,6,1227,48691
376,Middle,Female,Own,Single,Close,47900,1,Medium,24,662,48798
377,Middle,Female,Rent,Married,Close,40500,2,Low,18,622,82357
378,Old,Male,Own,Single,Close,69100,0,High,12,1477,69434
379,Young,Female,Rent,Single,Close,13300,1,,6,236,94123
380,Middle,Female,Rent,Married,Far,75800,1,High,12,1830,18231
381,Middle,Female,Rent,Married,Close,48600,0,Medium,24,1583,9724
382,Old,Female,Own,Single,Close,39600,0,Medium,12,610,23314
383,Young,Female,Rent,Single,Close,11700,0,Low,12,193,66477
384,Young,Male,Rent,Married,Close,52600,1,Medium,12,1052,27479
385,Young,Male,Rent,Single,Close,14600,3,,6,307,25025
386,Old,Male,Own,Married,Close,123000,0,High,24,3671,11590
387,Old,Female,Rent,Married,Far,64600,0,High,18,2206,54762
388,Middle,Female,Own,Single,Far,34600,2,Medium,18,748,76853
389,Middle,Male,Own,Married,Close,74500,0,High,6,1481,74544
390,Old,Male,Own,Married,Close,56600,0,,24,1607,31838
391,Old,Female,Rent,Single,Close,37000,1,,6,632,18491
392,Young,Female,Rent,Single,Far,18400,1,Low,6,303,14672
393,Young,Male,Rent,Single,Close,25000,0,Low,6,264,91802
394,Middle,Male,Own,Married,Far,61400,1,High,24,1575,95868
395,Middle,Male,Own,Married,Close,76400,2,Medium,18,881,86179
396,Young,Male,Own,Married,Close,55100,0,Medium,18,1439,11834
397,Old,Female,Own,Married,Far,22800,0,,12,452,82865
398,Old,Female,Own,Married,Close,10100,1,Low,6,93,62570
399,Young,Male,Rent,Single,Close,17800,0,Low,18,292,73929
400,Middle,Female,Own,Married,Close,59100,1,,6,1426,56620
401,Young,Female,Rent,Single,Far,19700,2,Low,6,330,83725
402,Middle,Male,Own,Married,Far,73800,0,High,24,3120,47993
403,Middle,Male,Own,Married,Far,113300,1,High,18,5151,67398
404,Middle,Male,Own,Married,Far,118400,2,,12,3941,66439
405,Middle,Male,Own,Married,Close,92300,1,,24,2141,95952
406,Young,Male,Rent,Single,Close,11200,0,,6,106,15352
407,Young,Female,Rent,Married,Far,30100,0,Medium,12,530,64022
408,Middle,Female,Own,Single,Close,43500,1,Medium,12,500,90616
409,Middle,Male,Own,Married,Close,97500,0,High,18,2837,89935
410,Old,Male,Own,Married,Close,54600,0,Medium,24,1246,14297
411,Middle,Male,Rent,Single,Far,42500,1,,6,798,5896
412,Middle,Male,Own,Single,Close,82800,0,,6,1544,12003
413,Old,Male,Own,Married,Far,62300,0,High,24,2644,73478
414,Young,Male,Rent,Single,Far,21900,2,,6,192,23761
415,Middle,Female,Rent,Single,Far,35600,3,Low,18,865,42439
416,Middle,Male,Own,Married,Close,96900,0,High,6,1159,81858
417,Young,Female,Rent,Married,Close,36900,1,,18,1480,95804
418,Middle,Female,Rent,Married,Close,93500,1,High,18,1426,52280
419,Middle,Male,Own,Married,Close,97300,1,,12,3048,36589
420,Young,Male,Rent,Single,Close,21900,0,Low,12,276,84631
421,Middle,Male,Rent,Single,Close,63000,0,High,24,1910,8472
422,Young,Female,Rent,Single,Close,11500,3,,6,157,66564
423,Middle,Male,Own,Single,Close,44600,2,Low,6,236,35428
424,Young,Female,Rent,Single,Close,21900,1,,12,576,62444
425,Middle,Male,Rent,Single,Far,45100,1,Medium,12,794,67889
426,Old,Female,Own,Married,Close,74900,0,High,12,1474,92503
427,Young,Male,Rent,Single,Close,14200,0,Low,6,250,87582
428,Young,Female,Rent,Single,Far,23200,2,,24,788,7734
429,Old,Male,Own,Married,Close,73300,0,,12,1694,90265
430,Old,Male,Own,Married,Far,41300,0,High,24,1985,28436
431,Old,Female,Own,Single,Far,32700,0,Medium,24,1252,23905
432,Old,Female,Own,Single,Close,35200,0,,12,827,26981
433,Young,Female,Rent,Single,Close,13100,0,,18,314,76473
434,Middle,Male,Own,Married,Close,97400,1,High,6,880,45463
435,Young,Female,Rent,Single,Far,23100,2,Low,6,466,97691
436,Middle,Male,Own,Single,Close,49200,3,Low,12,210,66589
437,Middle,Male,Own,Single,Far,45000,1,,18,902,19361
438,Middle,Male,Own,Married,Close,87200,0,High,18,1274,21875
439,Middle,Male,Own,Single,Close,49900,1,,24,1631,36661
440,Middle,Male,Own,Married,Close,66900,0,High,12,1220,2679
441,Middle,Female,Own,Single,Close,47600,1,Medium,12,801,76723
442,Middle,Female,Own,Single,Close,47900,0,,12,1090,70486
443,Middle,Male,Own,Single,Close,59400,0,Medium,18,1699,31222
444,Middle,Female,Rent,Single,Close,32700,2,Low,6,273,68201
445,Middle,Male,Rent,Single,Close,34200,1,Low,18,523,84977
446,Middle,Male,Own,Married,Close,96600,0,,12,1437,30857
447,Middle,Female,Own,Married,Close,126300,1,High,6,1888,39606
448,Young,Male,Rent,Single,Close,31600,1,,12,476,851
449,Middle,Female,Own,Married,Far,108100,3,High,18,2632,5028
450,Middle,Female,Rent,Single,Close,43300,3,Low,24,326,20177
451,Old,Female,Rent,Single,Far,17900,0,Low,6,446,89236
452,Middle,Male,Own,Single,Far,50100,1,High,18,1071,39920
453,Old,Female,Own,Married,Close,74700,0,High,12,1699,90238
454,Old,Male,Rent,Married,Close,60000,0,Medium,6,966,55082
455,Young,Male,Own,Single,Close,33400,0,,12,567,74305
456,Middle,Female,Rent,Married,Close,68800,0,,6,1658,22036
457,Middle,Female,Rent,Single,Close,25700,2,Low,6,173,99108
458,Middle,Male,Own,Married,Close,83700,0,High,24,3344,38212
459,Middle,Male,Rent,Single,Close,50500,0,Medium,12,1029,82032
460,Young,Female,Rent,Single,Close,17300,0,Low,12,345,34735
461,Middle,Male,Own,Single,Close,45800,0,,6,712,82570
462,Old,Male,Own,Married,Close,108900,0,High,12,1841,1384
463,Middle,Female,Rent,Married,Close,60500,2,Low,6,409,79403
464,Old,Female,Own,Married,Far,84100,0,High,18,2710,65599
465,Young,Male,Rent,Married,Far,25100,0,Medium,12,592,69524
466,Middle,Male,Own,Married,Close,69900,1,,18,2101,51654
467,Middle,Male,Own,Married,Close,97100,0,,12,1473,62729
468,Middle,Female,Own,Married,Close,72200,2,Medium,18,715,52668
469,Old,Female,Own,Married,Far,78900,0,High,18,2233,19055
470,Middle,Female,Own,Single,Far,62500,3,,6,921,46499
471,Young,Female,Rent,Single,Close,17800,1,Low,6,216,91980
472,Middle,Female,Own,Married,Close,105500,1,High,6,1781,87314
473,Middle,Female,Own,Single,Close,46100,2,Low,12,418,36209
474,Young,Male,Rent,Single,Close,27100,1,Low,12,268,8010
475,Young,Male,Rent,Married,Far,60300,1,,6,1252,59618
476,Young,Female,Rent,Single,Close,12000,0,Low,6,140,79073
477,Middle,Female,Own,Single,Close,48400,0,Medium,12,992,51115
478,Middle,Male,Rent,Single,Close,45600,0,Medium,18,1388,71299
479,Middle,Female,Own,Single,Close,35200,2,Low,6,233,19340
480,Middle,Male,Rent,Single,Far,60200,0,High,24,2304,72932
481,Middle,Female,Rent,Married,Far,53900,1,High,18,2177,53121
482,Middle,Male,Own,Married,Close,70400,2,,12,1127,14705
483,Young,Male,Rent,Married,Close,36900,0,Medium,18,721,56448
484,Old,Female,Own,Single,Close,36100,0,Medium,12,438,86823
485,Young,Female,Rent,Single,Close,11000,2,,18,393,25274
486,Middle,Male,Own,Single,Close,61600,0,,18,1666,82212
487,Middle,Male,Own,Married,Close,88700,1,,18,2448,31075
488,Middle,Female,Own,Married,Far,88600,1,High,18,2563,53251
489,Middle,Male,Rent,Married,Close,79500,0,High,18,1763,70882
490,Young,Female,Rent,Single,Close,18900,1,Low,6,184,23417
491,Old,Female,Own,Single,Close,17300,0,Low,6,166,96700
492,Middle,Female,Rent,Married,Close,81400,2,,6,1014,13729
493,Young,Male,Rent,Married,Close,36500,0,Medium,24,1140,23836
494,Middle,Female,Own,Single,Close,43300,1,,18,1021,56132
495,Middle,Male,Own,Married,Close,76700,1,Medium,24,1431,69658
496,Middle,Male,Own,Married,Far,123000,1,High,24,5878,66272
497,Middle,Male,Own,Single,Close,56300,3,Low,6,321,26872
498,Middle,Male,Own,Married,Close,70000,0,High,24,1974,83891
499,Middle,Male,Own,Single,Close,48100,0,Medium,18,1640,11465
500,Young,Female,Rent,Married,Close,79400,0,,6,1175,79285
501,Middle,Female,Own,Married,Close,63700,3,Low,12,364,99975
502,Young,Male,Rent,Single,Close,21200,0,,12,417,33374
503,Middle,Male,Rent,Single,Close,53900,0,Medium,12,1060,18504
504,Old,Female,Own,Married,Close,118800,0,High,18,2176,45302
505,Middle,Female,Own,Married,Close,79400,3,Low,6,200,58503
506,Old,Female,Rent,Single,Far,20400,0,,24,513,15835
507,Middle,Male,Rent,Single,Close,52400,0,,18,857,7788
508,Old,Female,Own,Single,Close,17600,0,Low,6,224,52547
509,Young,Male,Rent,Single,Close,23500,0,Low,12,371,24404
510,Young,Male,Rent,Married,Close,56900,2,Low,12,687,26951
511,Middle,Male,Own,Married,Close,95100,2,Medium,12,809,90707
512,Middle,Male,Own,Married,Close,119800,2,Medium,24,2090,38111
513,Old,Male,Own,Single,Close,58700,0,,24,1479,67840
514,Middle,Female,Own,Married,Close,76700,2,Medium,6,534,11909
515,Middle,Male,Own,Married,Close,67600,1,Medium,18,1172,99435
516,Middle,Male,Own,Single,Close,61500,2,Medium,24,968,97182
517,Old,Female,Own,Married,Close,72900,0,High,6,753,14281
518,Old,Female,Rent,Single,Close,21200,0,Low,6,242,18387
519,Old,Male,Rent,Single,Close,32400,1,Low,12,515,60935
520,Middle,Female,Own,Married,Close,62200,3,,24,2119,60565
521,Old,Female,Own,Single,Close,24400,0,Low,6,491,89564
522,Middle,Male,Own,Married,Close,66500,3,Low,12,286,13704
523,Old,Female,Rent,Married,Far,72200,0,High,24,3069,50859
524,Young,Female,Rent,Single,Close,16900,2,,6,281,9774
525,Young,Male,Rent,Married,Close,56300,0,,24,1608,73728
526,Old,Female,Own,Single,Far,22000,0,Medium,12,736,73064
527,Young,Female,Rent,Single,Close,18800,2,Low,18,170,98995
528,Young,Female,Rent,Single,Close,26600,2,Low,24,245,93258
529,Middle,Female,Rent,Married,Close,72100,0,High,24,3052,18931
530,Middle,Male,Own,Single,Far,55600,0,High,18,1786,92898
531,Young,Female,Rent,Single,Close,14600,3,Low,6,47,68219
532,Old,Male,Own,Married,Close,45900,0,Medium,24,1645,24919
533,Young,Female,Own,Single,Close,15100,0,Low,6,274,80992
534,Middle,Male,Own,Married,Close,140700,3,Medium,12,1001,72531
535,Middle,Male,Own,Married,Close,90300,0,High,24,1944,28954
536,Old,Male,Own,Married,Close,95900,0,High,24,2585,71712
537,Young,Male,Rent,Single,Far,20800,0,,6,260,93299
538,Middle,Male,Own,Married,Close,98400,0,High,12,1414,39366
539,Young,Female,Rent,Single,Close,15000,2,,12,341,5985
540,Young,Male,Rent,Single,Close,17700,1,Low,12,268,37292
541,Middle,Male,Own,Married,Close,102400,1,High,18,1237,99131
542,Young,Male,Rent,Single,Far,17800,1,,18,589,75577
543,Young,Male,Rent,Single,Far,13800,1,Low,12,368,55986
544,Middle,Female,Rent,Single,Close,50500,1,Medium,12,940,10413
545,Middle,Female,Rent,Single,Close,42000,3,Low,18,232,30441
546,Middle,Male,Own,Married,Close,95800,3,Low,12,678,68740
547,Young,Male,Rent,Single,Close,15200,0,,12,324,60857
548,Young,Male,Rent,Single,Close,15800,2,Low,12,147,93
549,Old,Male,Own,Single,Close,51400,0,,6,694,79249
550,Old,Female,Rent,Married,Close,38200,0,Medium,6,526,35235
551,Middle,Female,Rent,Single,Close,39900,1,Low,12,586,36546
552,Young,Female,Own,Single,Close,21600,2,,12,491,65940
553,Old,Female,Own,Married,Close,65900,0,High,24,1436,5037
554,Middle,Female,Own,Married,Close,97500,1,High,12,1280,25785
555,Middle,Male,Rent,Married,Far,63000,0,High,18,2107,46031
556,Young,Female,Own,Single,Far,31900,0,,12,860,65911
557,Middle,Female,Rent,Single,Far,45500,1,,18,1624,81572
558,Old,Female,Own,Single,Close,12800,0,,12,230,76478
559,Old,Female,Own,Married,Far,12600,2,Low,12,164,97796
560,Middle,Male,Rent,Single,Close,50700,3,Low,6,157,16881
561,Young,Female,Rent,Single,Close,17900,3,Low,6,62,56818
562,Young,Female,Rent,Single,Close,14400,1,Low,18,223,23757
563,Old,Female,Own,Single,Close,23800,0,Low,6,438,9630
564,Middle,Male,Own,Married,Close,84700,3,,24,2705,95597
565,Middle,Female,Rent,Single,Close,36900,1,Low,6,371,96087
566,Old,Female,Own,Single,Close,20600,0,Low,6,201,70051
567,Young,Male,Rent,Married,Close,41500,0,,24,1213,68826
568,Middle,Male,Own,Married,Close,83100,2,Medium,6,586,34330
569,Middle,Male,Own,Married,Far,88700,2,High,24,2693,62838
570,Old,Female,Own,Married,Close,54700,0,Medium,24,1404,95254
571,Middle,Male,Own,Single,Close,68900,2,,18,2784,25036
572,Young,Female,Rent,Single,Close,22200,2,Low,18,275,96975
573,Middle,Female,Own,Married,Close,70900,1,Medium,12,794,64866
574,Middle,Male,Own,Single,Close,55900,0,Medium,12,964,28250
575,Middle,Female,Own,Married,Close,80800,1,,18,1598,97254
576,Middle,Male,Own,Married,Far,100600,3,High,24,2838,16080
577,Old,Female,Own,Single,Close,39900,0,,6,619,58812
578,Young,Female,Rent,Married,Close,71200,3,Low,12,392,56111
579,Old,Female,Own,Married,Close,61000,0,,18,1850,70272
580,Old,Male,Own,Single,Close,38700,0,,24,1506,3466
581,Middle,Male,Own,Married,Far,98900,0,,18,3126,20427
582,Middle,Male,Own,Single,Close,64300,0,,6,1325,70238
583,Middle,Female,Own,Married,Close,75600,0,,12,1541,38406
584,Young,Female,Rent,Married,Far,53700,0,High,24,2491,40621
585,Middle,Male,Own,Single,Close,66600,0,High,18,1177,48373
586,Old,Female,Own,Married,Close,89000,0,High,12,1487,71070
587,Young,Female,Rent,Single,Far,18200,2,Low,12,322,47273
588,Young,Female,Rent,Married,Close,73600,1,Medium,6,647,39078
589,Middle,Female,Rent,Single,Far,45600,0,High,12,1322,2987
590,Young,Male,Own,Married,Close,73000,0,,6,1534,21074
591,Young,Male,Own,Single,Close,29600,3,,12,583,28039
592,Middle,Male,Rent,Married,Close,92900,1,,6,1705,68828
593,Old,Female,Rent,Single,Far,13900,0,Low,6,191,38569
594,Young,Male,Rent,Married,Close,64300,3,Low,6,239,11100
595,Middle,Male,Own,Married,Close,77100,2,Medium,6,568,41294
596,Young,Female,Own,Single,Close,27500,3,,12,571,90853
597,Old,Male,Rent,Married,Close,81800,0,High,6,919,25819
598,Old,Female,Rent,Married,Close,41700,0,Medium,18,1398,97526
599,Old,Female,Own,Married,Close,51000,0,Medium,12,1025,8292
600,Middle,Male,Rent,Single,Close,55900,1,Medium,12,909,75997
601,Young,Male,Rent,Single,Close,19800,2,Low,12,209,40444
602,Young,Male,Rent,Single,Close,17600,0,,6,245,90286
603,Middle,Male,Rent,Married,Far,84100,1,High,24,2362,90717
604,Middle,Male,Own,Married,Close,85600,0,High,24,3380,73330
605,Young,Male,Rent,Single,Close,13400,0,Low,18,424,20129
606,Young,Female,Rent,Married,Far,47200,1,Medium,12,1272,37644
607,Middle,Male,Own,Married,Close,96300,1,High,24,1909,85728
608,Middle,Male,Own,Married,Close,60500,3,Low,12,340,42729
609,Middle,Female,Own,Single,Close,35800,1,,24,1355,41808
610,Middle,Male,Rent,Married,Close,106100,3,Low,12,472,87496
611,Young,Male,Rent,Single,Close,18000,0,Low,12,303,95219
612,Middle,Male,Rent,Single,Far,50000,1,,6,1079,2173
613,Old,Female,Own,Single,Close,58200,0,Medium,18,981,74890
614,Young,Female,Rent,Single,Far,13500,2,Low,12,160,86640
615,Middle,Female,Own,Married,Close,59900,1,,6,613,6874
616,Young,Female,Rent,Single,Far,18400,1,Low,12,662,83099
617,Middle,Male,Rent,Married,Close,62800,3,Low,6,177,90808
618,Middle,Male,Rent,Single,Close,70000,0,High,6,785,89208
619,Young,Female,Rent,Single,Far,13600,1,,18,349,61761
620,Middle,Female,Rent,Married,Close,97400,3,Low,6,213,84416
621,Old,Female,Own,Married,Far,37500,0,Medium,18,1578,2757
622,Old,Female,Own,Single,Close,22800,0,Low,6,258,12120
623,Young,Female,Rent,Single,Close,14200,0,,6,192,23842
624,Young,Male,Rent,Single,Close,18700,0,Low,12,289,69583
625,Middle,Male,Own,Married,Close,107400,1,High,24,1821,83971
626,Young,Female,Rent,Single,Far,28900,0,Medium,24,905,52462
627,Middle,Male,Rent,Married,Close,38400,2,Low,6,188,73381
628,Middle,Male,Rent,Single,Close,54200,0,,18,1405,43864
629,Old,Male,Own,Married,Close,102700,0,,18,2381,65094
630,Young,Female,Rent,Single,Close,13300,1,Low,6,184,73364
631,Middle,Male,Own,Single,Close,60200,3,,12,1364,91014
632,Young,Male,Rent,Single,Close,21400,0,,12,414,21107
633,Young,Female,Rent,Single,Close,21700,2,,6,387,4930
634,Young,Male,Rent,Single,Close,23200,1,Low,24,504,49756
635,Middle,Male,Own,Married,Close,64800,2,Medium,12,574,57308
636,Middle,Male,Rent,Single,Close,55600,0,Medium,6,984,90981
637,Middle,Male,Own,Married,Far,89500,0,High,24,5209,85371
638,Young,Female,Rent,Single,Far,12500,1,,12,422,20165
639,Middle,Male,Own,Married,Close,87000,0,High,24,1594,78957
640,Middle,Female,Rent,Single,Far,31200,3,,24,1087,100
641,Young,Female,Rent,Single,Close,13700,1,,6,163,53942
642,Middle,Male,Own,Single,Close,55500,3,Low,18,427,74573
643,Middle,Female,Rent,Single,Close,58600,1,Medium,6,624,6037
644,Young,Female,Own,Married,Far,55900,1,,6,788,54779
645,Young,Female,Rent,Single,Far,13700,2,,24,414,25247
646,Old,Female,Own,Married,Far,81400,0,High,24,3001,52817
647,Old,Female,Own,Married,Close,90500,0,High,6,863,24813
648,Middle,Female,Own,Married,Close,82200,1,,12,1517,48371
649,Middle,Male,Own,Married,Far,65400,3,,6,836,47354
650,Middle,Male,Own,Single,Close,74400,0,High,12,1152,96648
651,Young,Male,Rent,Married,Far,63300,3,,6,1408,56062
652,Young,Male,Rent,Married,Far,51600,0,,12,1082,81941
653,Young,Male,Rent,Married,Far,55000,0,,12,1162,22957
654,Middle,Female,Own,Single,Close,43900,2,Low,6,358,38870
655,Young,Female,Own,Single,Close,20300,1,Low,12,304,90512
656,Young,Female,Own,Single,Far,16300,0,,12,360,29849
657,Middle,Male,Own,Married,Close,97600,2,Medium,12,1162,68727
658,Old,Female,Rent,Single,Far,15100,0,Low,6,348,42661
659,Young,Female,Rent,Single,Close,12500,3,,12,206,40831
660,Young,Female,Rent,Single,Close,10600,2,Low,12,114,39308
661,Middle,Female,Own,Single,Close,41300,1,,18,932,3418
662,Young,Female,Own,Single,Close,27200,2,Low,18,446,74314
663,Middle,Male,Own,Married,Close,102400,1,,12,2466,31739
664,Young,Female,Own,Single,Far,27900,1,,12,576,54198
665,Old,Male,Rent,Married,Far,23800,0,,12,428,41790
666,Middle,Male,Own,Married,Close,100000,1,High,24,2247,96455
667,Middle,Female,Rent,Married,Far,43300,3,Medium,24,716,85125
668,Middle,Male,Own,Married,Close,65800,1,,12,1017,21674
669,Middle,Female,Own,Married,Close,49700,2,Low,18,613,71818
670,Middle,Female,Rent,Married,Close,82300,2,Medium,12,580,1337
671,Middle,Male,Rent,Single,Close,41200,0,Medium,12,841,36315
672,Young,Male,Rent,Single,Close,29200,0,Low,18,737,13657
673,Middle,Female,Own,Single,Close,51900,2,,12,1162,82307
674,Middle,Female,Own,Married,Close,85500,2,Medium,18,895,5245
675,Young,Female,Rent,Single,Far,12400,3,Low,18,205,27342
676,Middle,Female,Own,Married,Close,111900,1,,12,2340,3922
677,Middle,Female,Rent,Single,Close,40400,1,Low,24,630,1221
678,Young,Male,Rent,Single,Far,10900,0,Low,24,407,46778
679,Middle,Male,Own,Married,Close,82400,3,,18,2122,1924
680,Young,Female,Rent,Single,Close,13200,1,Low,12,227,56337
681,Middle,Male,Rent,Single,Close,57800,0,Medium,24,1149,8901
682,Old,Female,Own,Married,Close,52200,1,Medium,12,669,41407
683,Middle,Male,Rent,Married,Far,64600,2,,24,2935,49502
684,Middle,Female,Own,Single,Close,43100,0,,24,1444,74392
685,Old,Female,Own,Married,Far,40100,0,Medium,12,1384,20099
686,Old,Male,Own,Married,Close,84500,0,,12,1557,94533
687,Old,Male,Rent,Married,Close,34500,0,Medium,12,802,74152
688,Young,Female,Rent,Married,Close,61000,1,,18,1611,37028
689,Old,Female,Own,Married,Far,79300,0,,12,2047,3511
690,Middle,Male,Rent,Single,Close,44500,0,Medium,24,1175,76440
691,Young,Male,Rent,Married,Close,39700,0,Medium,18,1011,66209
692,Old,Female,Own,Single,Close,30300,0,Low,18,1062,34706
693,Young,Female,Rent,Single,Close,20100,1,Low,12,271,45518
694,Old,Male,Own,Married,Far,86500,0,High,24,2690,25329
695,Old,Female,Rent,Single,Close,42500,0,Medium,24,918,72839
696,Middle,Male,Own,Married,Close,102300,0,High,24,2438,29419
697,Middle,Female,Own,Single,Far,52600,2,Medium,12,1307,97268
698,Middle,Female,Rent,Single,Far,37800,2,,12,1185,43647
699,Young,Female,Rent,Single,Close,20300,2,Low,12,180,31649
700,Middle,Male,Own,Married,Close,71600,1,,12,1198,54429
701,Young,Male,Rent,Married,Close,54500,1,Medium,18,1001,93708
702,Middle,Male,Rent,Single,Close,54700,0,Medium,24,1355,61046
703,Middle,Male,Rent,Single,Far,58600,2,,6,989,42798
704,Middle,Male,Rent,Single,Far,53800,0,High,12,1803,60278
705,Middle,Female,Own,Married,Close,131500,3,,6,2840,28960
706,Middle,Male,Rent,Single,Far,52200,0,High,24,1909,40738
707,Young,Male,Rent,Married,Close,37200,1,Low,6,247,71255
708,Young,Male,Rent,Single,Far,22900,1,,12,814,27260
709,Young,Male,Rent,Married,Close,55500,3,Low,12,216,94617
710,Young,Female,Rent,Single,Far,12800,1,,24,365,27822
711,Young,Female,Rent,Single,Close,17600,2,Low,18,163,10738
712,Old,Female,Own,Single,Far,28300,0,Medium,24,933,32308
713,Old,Male,Own,Single,Close,41900,0,Medium,6,654,12910
714,Young,Female,Rent,Single,Close,14100,3,,6,153,38464
715,Middle,Male,Rent,Single,Close,52100,0,,12,1668,3404
716,Middle,Male,Rent,Single,Far,38700,1,Medium,18,1009,61302
717,Middle,Female,Rent,Single,Far,44100,1,Medium,18,1659,10825
718,Middle,Male,Own,Married,Far,79200,1,High,6,1905,37010
719,Young,Female,Rent,Single,Close,22600,3,,6,521,50951
720,Middle,Male,Rent,Single,Close,55100,2,,6,826,35459
721,Old,Female,Own,Married,Far,70400,0,High,18,2610,27724
722,Middle,Male,Own,Married,Close,107300,2,Medium,24,1194,71973
723,Middle,Female,Rent,Married,Close,66500,1,,24,1181,12404
724,Young,Male,Rent,Single,Close,10200,0,,24,362,42477
725,Young,Female,Own,Single,Far,41000,1,Medium,12,768,75312
726,Middle,Female,Rent,Single,Close,26200,1,Low,12,381,39021
727,Middle,Male,Rent,Married,Far,72200,3,Medium,18,1811,10194
728,Middle,Male,Rent,Single,Far,36700,1,Medium,24,1218,75955
729,Old,Male,Own,Married,Far,74500,0,,18,1413,43569
730,Middle,Female,Own,Single,Close,60200,1,,12,1748,44465
731,Old,Male,Rent,Single,Close,34500,0,Medium,24,639,85998
732,Old,Female,Own,Married,Close,83700,0,High,18,1582,8266
733,Young,Male,Rent,Single,Far,14800,1,,12,376,97876
734,Middle,Male,Own,Married,Close,106400,0,,12,1757,88554
735,Young,Female,Rent,Married,Close,42000,3,Low,6,105,38775
736,Middle,Male,Rent,Married,Close,118800,0,High,12,2631,69140
737,Young,Female,Own,Single,Far,21900,2,Low,24,486,68816
738,Middle,Male,Rent,Single,Close,39500,1,,6,412,5162
739,Middle,Male,Rent,Single,Close,45900,0,Medium,12,716,38386
740,Young,Female,Rent,Married,Close,37100,2,Low,24,653,34202
741,Middle,Female,Rent,Single,Close,28200,1,Low,6,224,36020
742,Middle,Male,Rent,Married,Close,74600,2,Medium,18,705,6448
743,Middle,Male,Own,Married,Close,122700,1,,18,4984,47042
744,Young,Female,Rent,Single,Close,14200,2,Low,18,197,26214
745,Middle,Male,Own,Married,Far,75500,0,,18,2450,25353
746,Middle,Male,Own,Single,Close,62900,0,,24,2561,7426
747,Young,Male,Rent,Single,Far,19400,0,Low,6,563,11636
748,Middle,Female,Rent,Single,Close,46600,0,,12,546,95977
749,Middle,Male,Own,Married,Far,79700,1,High,24,3384,90997
750,Middle,Male,Own,Single,Close,45900,2,Low,12,416,612
751,Old,Female,Own,Married,Close,42800,0,Medium,6,685,69722
752,Old,Male,Own,Married,Far,65500,0,High,24,1931,91204
753,Old,Female,Rent,Single,Close,33600,0,Medium,12,573,57961
754,Middle,Female,Own,Single,Far,55600,1,High,18,1553,42506
755,Young,Female,Rent,Single,Close,24000,2,,6,362,86028
756,Young,Male,Rent,Single,Far,25700,0,Medium,18,907,54888
757,Old,Female,Own,Married,Close,21500,0,Low,18,445,43233
758,Old,Female,Rent,Married,Close,68600,0,High,18,1342,27045
759,Young,Female,Rent,Single,Far,23100,2,Low,12,457,20647
760,Middle,Female,Rent,Married,Close,53300,0,Medium,24,1598,9120
761,Old,Female,Own,Married,Close,112800,0,High,12,1861,58746
762,Old,Male,Own,Married,Close,124900,0,High,18,4109,74650
763,Middle,Female,Own,Single,Close,72200,0,,18,3278,65635
764,Middle,Male,Rent,Single,Close,35100,1,Low,6,421,56537
765,Old,Female,Rent,Single,Close,14900,0,,12,275,67890
766,Middle,Male,Rent,Single,Close,72000,0,High,12,1475,55060
767,Middle,Male,Own,Married,Close,82400,0,High,18,1779,45790
768,Young,Male,Rent,Married,Close,41600,3,,24,1634,65180
769,Middle,Female,Own,Married,Close,68500,2,,12,1500,1608
770,Young,Male,Own,Married,Close,62200,0,High,24,1348,54546
771,Old,Female,Own,Single,Close,35900,0,,12,962,30105
772,Young,Male,Rent,Single,Close,14100,0,Low,12,328,91032
773,Young,Female,Rent,Married,Close,36500,1,,18,747,73255
774,Middle,Female,Own,Married,Close,86400,1,High,12,1713,11498
775,Old,Female,Rent,Married,Close,39500,0,Medium,12,1006,79483
776,Old,Male,Own,Married,Close,85300,0,,12,2523,30360
777,Old,Female,Own,Married,Close,110700,0,High,12,2458,11922
778,Young,Male,Rent,Single,Far,17700,0,Low,18,742,65219
779,Young,Female,Rent,Married,Far,33200,1,,24,1639,48851
780,Middle,Female,Own,Single,Close,53800,0,Medium,12,843,59693
781,Old,Male,Rent,Single,Close,44400,0,Medium,18,886,81920
782,Middle,Female,Rent,Married,Close,135700,1,High,24,2746,59530
783,Young,Female,Rent,Single,Far,20700,1,Low,12,550,63366
784,Middle,Male,Rent,Married,Far,83500,2,High,24,2098,46947
785,Middle,Female,Rent,Married,Close,84200,2,Medium,24,954,43449
786,Middle,Female,Rent,Married,Close,79900,1,Medium,12,1041,52115
787,Old,Female,Rent,Single,Far,19700,0,Low,6,535,58530
788,Middle,Female,Rent,Single,Close,35300,0,,18,1369,2098
789,Old,Male,Own,Married,Far,52000,0,High,18,2545,37734
790,Young,Male,Rent,Single,Close,21300,1,,12,329,67604
791,Middle,Male,Own,Single,Close,63700,0,,6,1351,72363
792,Old,Female,Own,Married,Close,25900,0,Low,18,582,12918
793,Middle,Male,Rent,Married,Close,65800,2,Medium,18,578,38372
794,Old,Female,Rent,Single,Close,11000,0,,24,195,22893
795,Old,Female,Rent,Married,Close,65900,0,High,12,777,77929
796,Middle,Female,Own,Married,Close,108100,1,High,12,1133,40642
797,Middle,Male,Own,Married,Close,107300,2,Medium,18,1566,89740
798,Middle,Female,Rent,Married,Close,79500,0,High,12,1651,85110
799,Middle,Female,Rent,Married,Close,95900,0,,24,3168,14881
800,Middle,Male,Rent,Single,Close,45200,1,Medium,18,699,92311
801,Middle,Male,Own,Married,Close,98500,0,High,18,2034,36741
802,Old,Female,Own,Married,Close,96200,0,High,12,1457,31782
803,Young,Male,Rent,Single,Close,17900,0,,18,395,61185
804,Middle,Male,Own,Married,Close,42700,0,Medium,6,541,65802
805,Middle,Male,Own,Single,Far,49700,0,High,24,2844,44038
806,Middle,Female,Rent,Single,Close,43000,3,Low,24,225,98173
807,Young,Female,Rent,Single,Close,15500,1,Low,6,210,70918
808,Young,Male,Rent,Single,Close,13000,3,Low,6,43,41574
809,Middle,Female,Rent,Single,Close,27200,3,Low,24,243,94118
810,Old,Female,Own,Married,Close,26700,0,Low,24,1120,45387
811,Old,Male,Own,Single,Far,61000,0,High,6,975,62834
812,Middle,Female,Own,Married,Close,76600,3,,24,2904,93566
813,Middle,Male,Own,Married,Close,117500,2,Medium,12,927,84338
814,Old,Male,Own,Married,Close,90600,0,High,24,3167,88754
815,Young,Female,Rent,Single,Far,12600,0,Low,6,241,98099
816,Old,Female,Own,Single,Close,12700,2,Low,6,65,27906
817,Middle,Female,Own,Married,Far,77600,3,Medium,12,858,73036
818,Middle,Female,Rent,Married,Far,92400,1,,6,2191,8819
819,Old,Female,Rent,Married,Close,71800,0,High,24,1946,91080
820,Middle,Male,Own,Married,Far,95800,3,,12,2581,4485
821,Young,Female,Own,Single,Close,32600,3,Low,12,172,88692
822,Middle,Male,Own,Married,Close,74500,2,Medium,12,824,57525
823,Old,Female,Rent,Single,Close,29200,0,Low,12,556,35051
824,Young,Female,Rent,Single,Far,12900,1,Low,6,167,65323
825,Middle,Male,Rent,Married,Close,117700,1,High,12,2104,96847
826,Middle,Female,Own,Married,Close,64100,1,Medium,18,1332,11326
827,Middle,Female,Rent,Single,Close,46500,1,Medium,24,829,26956
828,Young,Female,Rent,Single,Close,12400,1,,12,229,47663
829,Middle,Male,Own,Married,Far,130600,0,High,18,3442,88652
830,Middle,Male,Own,Married,Far,74400,0,High,6,1893,95893
831,Old,Female,Own,Single,Far,40600,2,Medium,6,690,49272
832,Young,Female,Rent,Married,Close,54200,1,Medium,6,486,79634
833,Middle,Male,Own,Single,Far,65400,1,High,12,2290,47449
834,Middle,Male,Rent,Single,Close,49100,0,,6,934,90637
835,Young,Female,Rent,Single,Close,10600,2,,24,517,36444
836,Young,Female,Rent,Married,Close,76400,0,,12,2216,53484
837,Middle,Female,Rent,Married,Close,93700,1,High,24,1521,75881
838,Middle,Male,Rent,Single,Far,49000,0,High,18,1523,11477
839,Middle,Female,Own,Married,Close,96500,1,High,18,1364,44550
840,Middle,Male,Own,Single,Close,55600,0,,12,952,85552
841,Middle,Male,Own,Married,Close,99600,1,High,6,871,26152
842,Middle,Female,Own,Married,Close,79900,3,Low,12,295,72862
843,Old,Female,Rent,Married,Close,50500,0,Medium,12,642,7557
844,Old,Female,Own,Single,Far,16300,0,Low,6,317,77285
845,Old,Female,Own,Married,Close,49200,0,Medium,12,1078,44069
846,Middle,Male,Own,Single,Far,48100,2,Medium,18,961,97851
847,Middle,Male,Own,Single,Far,61300,2,High,24,1241,81521
848,Middle,Female,Own,Married,Close,72600,1,,18,1999,12383
849,Young,Male,Rent,Single,Far,19500,0,,24,571,47456
850,Young,Female,Rent,Single,Close,17200,1,,12,329,35312
851,Middle,Male,Rent,Single,Far,51100,0,High,24,1984,47312
852,Middle,Male,Own,Single,Close,76800,1,Medium,18,1061,71968
853,Middle,Male,Own,Single,Far,60200,0,High,12,1955,32830
854,Middle,Male,Rent,Single,Close,59100,2,Low,18,580,27018
855,Old,Female,Own,Single,Close,32500,0,Medium,24,883,59788
856,Middle,Female,Rent,Single,Far,49500,2,Medium,12,1195,30301
857,Middle,Male,Own,Married,Close,109600,1,High,12,2318,81728
858,Young,Female,Rent,Married,Close,47300,0,,6,640,95645
859,Middle,Male,Rent,Married,Close,93000,1,High,24,2644,67559
860,Young,Female,Own,Single,Far,32000,1,,24,1320,73878
861,Young,Female,Own,Single,Close,44700,1,Medium,6,502,18821
862,Old,Female,Own,Married,Close,69400,0,High,18,2419,35620
863,Middle,Male,Own,Married,Close,64300,2,Medium,6,661,29267
864,Middle,Male,Own,Single,Far,75400,0,High,24,2723,49279
865,Middle,Male,Own,Married,Close,96100,0,High,6,1588,99812
866,Old,Female,Own,Married,Close,118000,3,Low,12,581,15708
867,Young,Male,Rent,Married,Close,69700,1,Medium,12,1432,44785
868,Old,Male,Own,Single,Close,59300,0,Medium,12,929,91219
869,Middle,Female,Rent,Married,Close,88600,3,Low,6,212,34790
870,Middle,Male,Own,Married,Close,102600,0,High,18,2546,25735
871,Middle,Male,Rent,Single,Close,43700,0,,18,1344,85172
872,Old,Female,Own,Married,Close,22400,0,,24,947,592
873,Middle,Male,Rent,Married,Far,70500,1,,24,2145,88477
874,Middle,Male,Own,Married,Close,54200,1,Medium,6,757,82944
875,Middle,Female,Own,Single,Far,25300,1,,6,451,20183
876,Old,Male,Own,Married,Close,116100,1,High,24,2975,96975
877,Young,Female,Rent,Single,Close,15900,0,,18,406,65354
878,Middle,Female,Own,Single,Close,46600,3,Low,6,158,65276
879,Young,Male,Own,Single,Close,23200,0,,24,534,37437
880,Young,Male,Rent,Single,Close,18200,0,Low,12,401,11408
881,Middle,Female,Own,Married,Close,82700,1,High,18,1753,10096
882,Young,Female,Rent,Single,Close,17000,0,Low,18,659,42441
883,Middle,Male,Own,Married,Close,83000,2,Medium,6,726,32884
884,Young,Female,Own,Married,Close,42400,1,,18,1166,58085
885,Old,Male,Own,Single,Close,40200,2,,18,1197,40703
886,Young,Female,Rent,Single,Far,17300,0,Low,6,411,99128
887,Middle,Female,Own,Married,Close,109800,1,High,24,2258,62782
888,Middle,Female,Own,Single,Far,64400,3,Medium,24,1913,88624
889,Young,Female,Rent,Single,Far,27600,1,Medium,24,893,21649
890,Young,Female,Rent,Single,Close,25100,1,,6,421,59253
891,Middle,Female,Own,Single,Close,46300,3,,6,1138,36361
892,Old,Female,Own,Married,Far,74900,0,,12,1804,45548
893,Middle,Male,Own,Single,Close,67900,0,High,18,1418,54462
894,Middle,Male,Rent,Married,Close,88500,2,Medium,24,1104,26703
895,Middle,Male,Own,Married,Close,99200,3,,12,2796,56526
896,Old,Female,Own,Married,Close,62800,0,High,18,1403,24993
897,Old,Male,Own,Married,Far,76900,2,High,24,3230,59268
898,Middle,Male,Own,Married,Close,84100,3,,6,1352,27536
899,Old,Female,Own,Married,Close,77600,0,High,18,2004,35044
900,Young,Female,Rent,Single,Close,19100,1,Low,18,403,67399
901,Old,Female,Own,Married,Far,128700,0,High,24,3995,56638
902,Young,Female,Rent,Single,Far,14400,1,Low,6,390,65371
903,Old,Male,Rent,Married,Close,49600,0,Medium,6,770,73735
904,Middle,Female,Rent,Single,Close,47000,0,,6,963,39421
905,Young,Female,Rent,Married,Close,36600,0,Medium,6,833,41750
906,Middle,Female,Own,Single,Close,65800,1,Medium,12,869,34658
907,Middle,Male,Rent,Married,Far,52800,2,Medium,12,926,92318
908,Middle,Male,Own,Married,Close,96500,0,High,24,3780,59126
909,Middle,Female,Rent,Married,Close,63500,1,Medium,18,1023,99920
910,Middle,Male,Rent,Single,Close,60400,1,Medium,6,791,58523
911,Middle,Male,Own,Married,Close,102700,3,,12,1473,15919
912,Middle,Male,Own,Married,Close,100100,2,,6,1597,53743
913,Middle,Male,Rent,Single,Close,54400,0,Medium,6,1150,33394
914,Middle,Male,Rent,Married,Close,105600,3,Low,6,304,14859
915,Old,Female,Own,Married,Far,57900,0,High,12,1693,55255
916,Young,Male,Own,Single,Close,31500,3,Low,18,269,77799
917,Middle,Female,Rent,Married,Far,60100,1,High,18,1430,25374
918,Middle,Male,Rent,Married,Close,87400,2,,18,2729,67674
919,Middle,Male,Own,Married,Close,117900,0,High,6,1760,31010
920,Middle,Male,Own,Single,Close,48800,1,Medium,24,1271,92726
921,Middle,Female,Own,Married,Close,67900,3,Low,12,356,91985
922,Old,Male,Rent,Married,Far,66200,0,,6,1024,23203
923,Middle,Male,Rent,Married,Close,88000,2,Medium,6,524,39789
924,Middle,Male,Rent,Married,Close,94200,1,High,18,1211,12912
925,Young,Female,Rent,Single,Close,29200,3,,6,636,37285
926,Young,Male,Rent,Single,Far,15300,0,Low,24,645,29764
927,Young,Male,Rent,Single,Far,17500,0,Low,18,472,74165
928,Old,Male,Own,Married,Close,168800,0,High,6,1512,27661
929,Middle,Male,Rent,Single,Far,40200,0,High,18,1634,55397
930,Young,Male,Rent,Single,Close,28400,3,Low,18,182,29459
931,Middle,Male,Rent,Married,Far,72200,3,Medium,18,1042,44296
932,Middle,Female,Own,Single,Far,55200,0,High,18,1714,7008
933,Middle,Female,Rent,Single,Close,44600,0,Medium,18,966,18129
934,Middle,Male,Own,Single,Close,58400,0,Medium,12,829,29893
935,Middle,Female,Own,Single,Close,67800,1,Medium,6,680,27004
936,Old,Female,Own,Single,Close,25500,0,Low,18,636,73828
937,Young,Female,Rent,Single,Far,20000,3,Low,6,182,66945
938,Middle,Male,Rent,Single,Far,52600,1,,18,1773,99069
939,Middle,Male,Rent,Married,Far,97600,1,,12,2902,87197
940,Old,Male,Own,Married,Close,23400,0,Low,6,348,70533
941,Middle,Female,Own,Married,Close,102500,3,Low,12,548,24528
942,Middle,Female,Own,Married,Far,52300,1,High,18,2034,53478
943,Middle,Male,Rent,Single,Far,65400,0,High,12,2296,45560
944,Young,Male,Rent,Single,Close,19600,0,Low,12,395,71592
945,Old,Male,Own,Married,Far,37000,0,Medium,12,850,68246
946,Young,Female,Rent,Single,Far,13200,0,,18,512,85022
947,Middle,Male,Rent,Single,Close,63800,1,Medium,24,1622,14591
948,Old,Female,Rent,Single,Far,22600,0,,12,865,23059
949,Old,Female,Own,Single,Close,37300,0,Medium,6,673,42756
950,Young,Male,Rent,Single,Far,14900,1,,12,422,72554
951,Middle,Female,Own,Single,Close,36700,1,,6,529,84554
952,Middle,Male,Own,Single,Close,63200,0,High,24,1932,32891
953,Old,Male,Own,Married,Close,77300,0,High,18,1853,31958
954,Middle,Male,Rent,Single,Close,43100,1,,12,1224,39228
955,Middle,Female,Rent,Single,Far,44800,1,Medium,6,666,60133
956,Old,Female,Rent,Married,Close,70900,0,High,24,1685,95482
957,Middle,Female,Rent,Single,Far,38200,0,Medium,24,1476,18013
958,Young,Female,Rent,Single,Far,18400,1,Low,6,319,29353
959,Middle,Female,Rent,Single,Close,40700,3,Low,18,232,71208
960,Old,Male,Own,Single,Close,71300,0,High,18,1543,59580
961,Middle,Female,Rent,Single,Close,36400,2,Low,18,506,9425
962,Young,Male,Rent,Single,Close,15400,0,Low,6,172,29363
963,Middle,Male,Own,Single,Far,39100,1,Medium,12,1001,34088
964,Middle,Male,Rent,Single,Close,43800,0,Medium,12,606,9694
965,Young,Male,Rent,Single,Far,25300,0,Medium,12,591,40542
966,Old,Male,Rent,Married,Close,71800,0,High,12,1389,44709
967,Middle,Male,Own,Single,Close,73200,0,High,24,2177,53630
968,Middle,Male,Own,Married,Far,79000,1,High,18,2279,97552
969,Middle,Female,Rent,Married,Close,75200,1,,24,2702,7011
970,Young,Female,Rent,Single,Close,25300,3,,6,510,56487
971,Old,Female,Own,Married,Close,43600,0,Medium,12,1047,40605
972,Middle,Male,Own,Married,Close,83600,2,Medium,6,538,57852
973,Middle,Female,Own,Single,Far,56200,0,High,18,1546,19521
974,Young,Male,Rent,Married,Close,45500,0,Medium,6,754,16151
975,Middle,Male,Own,Married,Close,99300,1,High,12,1504,34176
976,Middle,Male,Own,Married,Far,108000,3,High,24,1849,99415
977,Middle,Female,Own,Married,Far,84900,1,High,24,3072,21871
978,Middle,Male,Own,Married,Far,93000,3,High,6,1046,92607
979,Middle,Female,Own,Married,Close,82000,0,High,18,1800,27034
980,Old,Female,Own,Single,Close,33000,3,,6,700,53977
981,Middle,Female,Own,Single,Close,36900,2,Low,24,514,79193
982,Middle,Female,Rent,Single,Close,33200,1,,6,320,47320
983,Young,Male,Rent,Married,Close,49300,0,,24,1692,50679
984,Old,Male,Rent,Married,Far,66200,0,High,24,2057,59855
985,Middle,Male,Own,Married,Far,96800,2,High,18,2299,91237
986,Old,Male,Own,Single,Close,63200,0,High,24,1507,83241
987,Old,Male,Own,Married,Far,112900,0,High,24,6217,59281
988,Middle,Female,Rent,Single,Close,32100,2,Low,24,405,36720
989,Middle,Male,Own,Married,Far,102700,1,High,18,3785,83054
990,Middle,Male,Own,Married,Close,123800,2,,18,3537,52677
991,Old,Female,Rent,Single,Far,11700,0,Low,18,540,2963
992,Middle,Male,Own,Married,Close,101700,1,,6,941,88815
993,Middle,Female,Own,Married,Far,99200,0,High,24,5503,46870
994,Young,Male,Rent,Single,Close,17600,0,,6,273,60781
995,Young,Female,Rent,Single,Close,19400,1,,18,384,40843
996,Middle,Male,Rent,Single,Far,40500,1,,18,1073,15265
997,Old,Male,Own,Single,Close,44800,0,Medium,24,1417,24455
998,Middle,Male,Own,Married,Close,79000,2,Medium,18,671,26743
999,Young,Male,Rent,Married,Close,53600,1,Medium,24,973,69914
